#Pedido;Fecha Ingreso Pedido;Hora Ingreso Pedido;Destino;Toneladas Pedidas;Tiempo de Carga (min);Tiempo de Entrega (min)
#0901003;1/1/22; 	14 ;Junín;6; 	40 ; 	41 
#0901004;1/1/22; 	11 ;Tandil;5; 	21 ; 	410 
#0901005;1/1/22; 	15 ;Junín;10; 	32 ; 	41 
#0901006;1/2/22; 	9 ;Tandil;5; 	30 ; 	38 
#0901007;1/2/22; 	14 ;Junín;5; 	39 ; 	45 
#0901008;1/3/22; 	12 ;Junín;10; 	37 ; 	37 
#0901009;1/3/22; 	11 ;La Plata;5; 	37 ; 	37 
#0901010;1/4/22; 	15 ;Junín;9; 	37 ; 	36 
#0901011;1/5/22; 	13 ;La Plata;3; 	33 ; 	37 
#0901012;1/5/22; 	14 ;Mar del Plata;12; 	21 ; 	37 
#0901013;1/5/22; 	9 ;Junín;9; 	21 ; 	39 
#0901014;1/5/22; 	17 ;Mar del Plata;9; 	34 ; 	40 
#0901015;1/5/22; 	16 ;Mar del Plata;6; 	32 ; 	39 
#0901016;1/6/22; 	18 ;Mar del Plata;9; 	38 ; 	40 
#0901017;1/7/22; 	9 ;Mar del Plata;5; 	22 ; 	38 
#0901018;1/8/22; 	10 ;La Plata;11; 	34 ; 	43 
#0901019;1/9/22; 	10 ;La Plata;10; 	20 ; 	42 
#0901020;1/9/22; 	18 ;Tandil;4; 	34 ; 	36 
#0901021;1/9/22; 	17 ;La Plata;10; 	33 ; 	40 
#0901022;1/9/22; 	17 ;Junín;6; 	36 ; 	37 
#0901023;1/9/22; 	11 ;Junín;5; 	23 ; 	39 
#0901024;1/10/22; 	18 ;Mar del Plata;11; 	27 ; 	39 
#0901025;1/11/22; 	13 ;Junín;12; 	31 ; 	38 
#0901026;1/12/22; 	16 ;La Plata;9; 	32 ; 	39 
#0901027;1/12/22; 	11 ;Mar del Plata;11; 	30 ; 	37 
#0901028;1/12/22; 	13 ;Tandil;10; 	34 ; 	39 
#0901029;1/13/22; 	10 ;Junín;600; 	24 ; 	36 
#0901030;1/13/22; 	12 ;Junín;4; 	24 ; 	37 
#0901031;1/13/22; 	16 ;Mar del Plata;12; 	34 ; 	39 
#0901032;1/13/22; 	17 ;Mar del Plata;12; 	24 ; 	39 
#0901033;1/13/22; 	15 ;Junín;6; 	27 ; 	39 
#0901034;1/14/22; 	10 ;La Plata;10; 	27 ; 	38 
#0901035;1/15/22; 	13 ;Mar del Plata;8; 	34 ; 	38 
#0901036;1/15/22; 	17 ;Junín;; 	37 ; 	39 
#0901037;1/15/22; 	12 ;Mar del Plata;4; 	30 ; 	38 
#0901038;1/15/22; 	12 ;La Plata;12; 	28 ; 	45 
#0901039;1/15/22; 	10 ;Mar del Plata;9; 	34 ; 	47 
#0901040;1/15/22; 	13 ;Mar del Plata;3; 	37 ; 	38 
#0901041;1/15/22; 	16 ;La Plata;8; 	40 ; 	40 
#0901042;1/16/22; 	10 ;Tandil;8; 	32 ; 	43 
#0901043;1/16/22; 	10 ;Junín;6; 	27 ; 	41 
#0901044;1/16/22; 	13 ;Tandil;5; 	38 ; 	40 
#0901045;1/16/22; 	16 ;Mar del Plata;6; 	28 ; 	46 
#0901046;1/16/22; 	18 ;Tandil;8; 	21 ; 	38 
#0901047;1/17/22; 	10 ;Mar del Plata;11; 	28 ; 	37 
#0901048;1/17/22; 	17 ;Olavarría;9; 	22 ; 	42 
#0901049;1/18/22; 	14 ;Tandil;3; 	23 ; 	38 
#0901050;1/18/22; 	16 ;Junín;5; 	31 ; 	37 
#0901051;1/18/22; 	13 ;Junín;6; 	28 ; 	37 
#0901052;1/19/22; 	11 ;Mar del Plata;8; 	32 ; 	41 
#0901053;1/20/22; 	12 ;Mar del Plata;4; 	38 ; 	37 
#0901054;1/21/22; 	13 ;Mar del Plata;11; 	27 ; 	39 
#0901055;1/21/22; 	10 ;La Plata;3; 	29 ; 	39 
#0901056;1/21/22; 	17 ;Olavarría;12; 	28 ; 	40 
#0901057;1/21/22; 	17 ;Mar del Plata;3; 	25 ; 	40 
#0901058;1/21/22; 	16 ;Mar del Plata;11; 	40 ; 	43 
#0901059;1/21/22; 	14 ;Tandil;5; 	31 ; 	40 
#0901060;1/21/22; 	15 ;Mar del Plata;6; 	21 ; 	39 
#0901061;1/21/22; 	16 ;Tandil;12; 	29 ; 	44 
#0901062;1/22/22; 	17 ;Mar del Plata;6; 	33 ; 	43 
#0901063;1/23/22; 	17 ;Mar del Plata;6; 	420 ; 	2 
#0901064;1/24/22; 	17 ;Tandil;9; 	33 ; 	42 
#0901065;1/24/22; 	16 ;Mar del Plata;3; 	27 ; 	43 
#0901066;1/25/22; 	12 ;Junín;7; 	37 ; 	46 
#0901067;1/25/22; 	15 ;La Plata;5; 	37 ; 	38 
#0901068;1/26/22; 	18 ;Mar del Plata;6; 	33 ; 	37 
#0901069;1/27/22; 	11 ;Junín;11; 	31 ; 	42 
#0901070;1/27/22; 	12 ;Mar del Plata;7; 	23 ; 	45 
#0901071;1/27/22; 	15 ;Junín;11; 	33 ; 	37 
#0901072;1/27/22; 	16 ;La Plata;6; 	35 ; 	40 
#0901073;1/27/22; 	15 ;Junín;3; 	37 ; 	36 
#0901074;1/28/22; 	9 ;Tandil;5; 	31 ; 	43 
#0901075;1/29/22; 	12 ;Junín;12; 	35 ; 	42 
#0901076;1/29/22; 	18 ;Junín;11; 	32 ; 	38 
#0901077;1/29/22; 	16 ;Junín;9; 	30 ; 	36 
#0901078;1/29/22; 	9 ;Tandil;12; 	26 ; 	40 
#0901079;1/30/22; 	12 ;Mar del Plata;8; 	31 ; 	48 
#0901080;1/30/22; 	17 ;Mar del Plata;11; 	38 ; 	38 
#0901081;1/30/22; 	11 ;Tandil;5; 	30 ; 	44 
#0901082;1/30/22; 	14 ;Mar del Plata;5; 	38 ; 	38 
#0901083;1/31/22; 	16 ;Mar del Plata;4; 	29 ; 	40 
#0901084;1/31/22; 	9 ;Olavarría;4; 	35 ; 	40 
#0901085;1/31/22; 	11 ;Junín;3; 	20 ; 	41 
#0901086;2/1/22; 	9 ;Mar del Plata;12; 	30 ; 	39 
#0901087;2/2/22; 	14 ;Olavarría;12; 	40 ; 	42 
#0901088;2/3/22; 	17 ;Olavarría;9; 	29 ; 	36 
#0901089;2/3/22; 	16 ;Junín;3; 	33 ; 	39 
#0901090;2/3/22; 	15 ;Mar del Plata;6; 	34 ; 	36 
#0901091;2/3/22; 	9 ;Tandil;8; 	24 ; 	37 
#0901092;2/3/22; 	11 ;Junín;9; 	38 ; 	39 
#0901093;2/3/22; 	10 ;Tandil;10; 	22 ; 	37 
#0901094;2/3/22; 	11 ;La Plata;3; 	32 ; 	43 
#0901095;2/3/22; 	17 ;Junín;5; 	32 ; 	42 
#0901096;2/4/22; 	13 ;Mar del Plata;6; 	34 ; 	43 
#0901097;2/4/22; 	15 ;Mar del Plata;3; 	30 ; 	40 
#0901098;2/4/22; 	16 ;Junín;3; 	39 ; 	37 
#0901099;2/4/22; 	12 ;Junín;12; 	24 ; 	39 
#0901100;2/4/22; 	10 ;Tandil;6; 	28 ; 	38 
#0901101;2/4/22; 	13 ;Mar del Plata;4; 	26 ; 	-   
#0901102;2/4/22; 	11 ;Junín;5; 	24 ; 	41 
#0901103;2/4/22; 	12 ;Tandil;8; 	30 ; 	44 
#0901104;2/4/22; 	16 ;Junín;4; 	21 ; 	40 
#0901105;2/4/22; 	14 ;Tandil;9; 	31 ; 	43 
#0901106;2/4/22; 	17 ;Mar del Plata;11; 	33 ; 	40 
#0901107;2/4/22; 	15 ;Mar del Plata;3; 	21 ; 	46 
#0901108;2/4/22; 	16 ;Mar del Plata;12; 	34 ; 	36 
#0901109;2/4/22; 	18 ;Junín;7; 	25 ; 	37 
#0901110;2/4/22; 	17 ;Mar del Plata;12; 	30 ; 	35 
#0901111;2/4/22; 	12 ;La Plata;9; 	30 ; 	36 
#0901112;2/4/22; 	16 ;Junín;5; 	30 ; 	43 
#0901113;2/4/22; 	16 ;Junín;11; 	36 ; 	38 
#0901114;2/4/22; 	10 ;Junín;9; 	30 ; 	39 
#0901115;2/5/22; 	17 ;Mar del Plata;12; 	30 ; 	41 
#0901116;2/6/22; 	17 ;La Plata;3; 	23 ; 	41 
#0901117;2/6/22; 	9 ;Tandil;4; 	29 ; 	37 
#0901118;2/6/22; 	16 ;Tandil;7; 	23 ; 	42 
#0901119;2/6/22; 	15 ;Mar del Plata;12; 	32 ; 	40 
#0901120;2/7/22; 	14 ;Junín;4; 	40 ; 	39 
#0901121;2/7/22; 	13 ;Tandil;7; 	28 ; 	40 
#0901122;2/7/22; 	17 ;Mar del Plata;7; 	35 ; 	40 
#0901123;2/7/22; 	13 ;Mar del Plata;10; 	34 ; 	38 
#0901124;2/7/22; 	11 ;Tandil;66; 	28 ; 	46 
#0901125;2/7/22; 	18 ;Mar del Plata;11; 	37 ; 	42 
#0901126;2/7/22; 	16 ;Junín;11; 	37 ; 	37 
#0901127;2/7/22; 	9 ;La Plata;9; 	30 ; 	37 
#0901128;2/8/22; 	10 ;Junín;9; 	34 ; 	42 
#0901129;2/8/22; 	14 ;Mar del Plata;7; 	38 ; 	37 
#0901130;2/8/22; 	9 ;Junín;10; 	28 ; 	39 
#0901131;2/8/22; 	18 ;Junín;6; 	21 ; 	45 
#0901132;2/9/22; 	9 ;Olavarría;8; 	29 ; 	37 
#0901133;2/9/22; 	17 ;Mar del Plata;10; 	34 ; 	43 
#0901134;2/10/22; 	11 ;Mar del Plata;11; 	40 ; 	37 
#0901135;2/10/22; 	9 ;Mar del Plata;4; 	26 ; 	43 
#0901136;2/11/22; 	16 ;Tandil;12; 	37 ; 	39 
#0901137;2/11/22; 	14 ;Mar del Plata;5; 	32 ; 	44 
#0901138;2/11/22; 	12 ;La Plata;11; 	34 ; 	42 
#0901139;2/12/22; 	15 ;Tandil;7; 	31 ; 	38 
#0901140;2/13/22; 	9 ;Mar del Plata;11; 	38 ; 	38 
#0901141;2/14/22; 	13 ;Mar del Plata;8; 	33 ; 	40 
#0901142;2/15/22; 	13 ;Mar del Plata;11; 	35 ; 	39 
#0901143;2/15/22; 	12 ;Junín;8; 	27 ; 	38 
#0901144;2/16/22; 	17 ;Junín;9; 	28 ; 	38 
#0901145;2/17/22; 	11 ;Tandil;6; 	34 ; 	38 
#0901146;2/17/22; 	14 ;Mar del Plata;9; 	24 ; 	40 
#0901147;2/17/22; 	11 ;Tandil;10; 	210 ; 	37 
#0901148;2/17/22; 	10 ;La Plata;6; 	29 ; 	39 
#0901149;2/17/22; 	10 ;La Plata;8; 	40 ; 	38 
#0901150;2/17/22; 	13 ;Mar del Plata;4; 	22 ; 	49 
#0901151;2/17/22; 	10 ;La Plata;5; 	35 ; 	37 
#0901152;2/17/22; 	18 ;Junín;6; 	32 ; 	40 
#0901153;2/17/22; 	11 ;Junín;12; 	-   ; 	39 
#0901154;2/18/22; 	15 ;Junín;12; 	26 ; 	41 
#0901155;2/18/22; 	12 ;Junín;7; 	1.020 ; 	36 
#0901156;2/18/22; 	12 ;Tandil;5; 	27 ; 	40 
#0901157;2/19/22; 	13 ;Mar del Plata;5; 	22 ; 	39 
#0901158;2/19/22; 	9 ;Olavarria;11; 	28 ; 	37 
#0901159;2/19/22; 	11 ;Tandil;5; 	40 ; 	41 
#0901160;2/20/22; 	12 ;La Plata;10; 	31 ; 	37 
#0901161;2/20/22; 	13 ;Junín;8; 	34 ; 	41 
#0901162;2/21/22; 	9 ;Tandil;12; 	37 ; 	44 
#0901163;2/21/22; 	15 ;Mar del Plata;12; 	23 ; 	44 
#0901164;2/22/22; 	17 ;Mar del Plata;12; 	25 ; 	43 
#0901165;2/22/22; 	9 ;Junín;3; 	24 ; 	36 
#0901166;2/22/22; 	13 ;Tandil;8; 	37 ; 	41 
#0901167;2/23/22; 	12 ;La Plata;5; 	33 ; 	43 
#0901168;2/23/22; 	14 ;Tandil;9; 	40 ; 	45 
#0901169;2/24/22; 	16 ;Tandil;3; 	27 ; 	37 
#0901170;2/24/22; 	17 ;Junín;12; 	32 ; 	39 
#0901171;2/25/22; 	17 ;Mar del Plata;7; 	20 ; 	43 
#0901172;2/26/22; 	14 ;Mar del Plata;10; 	37 ; 	39 
#0901173;2/26/22; 	14 ;La Plata;8; 	39 ; 	39 
#0901174;2/26/22; 	17 ;Mar del Plata;6; 	31 ; 	36 
#0901175;2/26/22; 	18 ;Mar del Plata;4; 	26 ; 	38 
#0901176;2/26/22; 	13 ;Mar del Plata;5; 	38 ; 	39 
#0901177;2/26/22; 	16 ;Mar del Plata;12; 	38 ; 	43 
#0901178;2/26/22; 	16 ;Mar del Plata;4; 	25 ; 	38 
#0901179;2/27/22; 	14 ;Mar del Plata;8; 	24 ; 	43 
#0901180;2/28/22; 	12 ;La Plata;9; 	33 ; 	39 
#0901181;2/28/22; 	14 ;Junín;10; 	36 ; 	43 
#0901182;2/28/22; 	18 ;Tandil;11; 	34 ; 	37 
#0901183;2/28/22; 	15 ;Tandil;9; 	30 ; 	37 
#0901184;3/1/22; 	10 ;La Plata;11; 	27 ; 	38 
#0901185;3/1/22; 	10 ;La Plata;12; 	29 ; 	43 
#0901186;3/2/22; 	16 ;Junín;4; 	24 ; 	39 
#0901187;3/2/22; 	12 ;JUNIN;9; 	26 ; 	38 
#0901188;3/2/22; 	16 ;Junín;10; 	27 ; 	36 
#0901189;3/2/22; 	12 ;Olavarría;3; 	25 ; 	37 
#0901190;3/3/22; 	12 ;Junín;5; 	39 ; 	45 
#0901191;3/4/22; 	18 ;Junín;11; 	32 ; 	40 
#0901192;3/5/22; 	26 ;Junín;12; 	28 ; 	47 
#0901193;3/6/22; 	9 ;Tandil;10; 	35 ; 	42 
#0901194;3/6/22; 	15 ;Junín;5; 	21 ; 	42 
#0901195;3/6/22; 	14 ;Mar del Plata;10; 	35 ; 	39 
#0901196;3/6/22; 	12 ;Junín;12; 	38 ; 	39 
#0901197;3/6/22; 	9 ;La Plata;4; 	23 ; 	38 
#0901198;3/6/22; 	10 ;La Plata;6; 	27 ; 	35 
#0901199;3/7/22; 	17 ;Mar del Plata;3; 	32 ; 	38 
#0901200;3/7/22; 	9 ;Mar del Plata;7; 	23 ; 	38 
#0901201;3/7/22; 	14 ;Junín;12; 	39 ; 	44 
#0901202;3/7/22; 	18 ;Mar del Plata;10; 	35 ; 	39 
#0901203;3/7/22; 	15 ;Olavarría;3; 	36 ; 	43 
#0901204;3/8/22; 	18 ;JUNIN;8; 	30 ; 	43 
#0901205;3/8/22; 	12 ;Mar del Plata;5; 	32 ; 	38 
#0901206;3/9/22; 	15 ;La Plata;10; 	31 ; 	43 
#0901207;3/10/22; 	12 ;La Plata;9; 	32 ; 	38 
#0901208;3/11/22; 	15 ;Mar del Plata;3; 	26 ; 	39 
#0901209;3/11/22; 	13 ;Mar del Plata;3; 	37 ; 	42 
#0901210;3/12/22; 	16 ;Junín;8; 	39 ; 	43 
#0901211;3/12/22; 	13 ;Tandil;4; 	24 ; 	36 
#0901212;3/12/22; 	15 ;Tandil;8; 	31 ; 	37 
#0901213;3/12/22; 	9 ;La Plata;11; 	37 ; 	39 
#0901214;3/13/22; 	10 ;Junín;9; 	32 ; 	40 
#0901215;3/13/22; 	11 ;Junín;7; 	21 ; 	38 
#0901216;3/13/22; 	17 ;Olavarría;11; 	32 ; 	39 
#0901217;3/13/22; 	14 ;Mar del Plata;10; 	34 ; 	41 
#0901218;3/14/22; 	16 ;Tandil;7; 	31 ; 	37 
#0901219;3/15/22; 	16 ;Junín;8; 	29 ; 	38 
#0901220;3/15/22; 	9 ;Mar del Plata;8; 	21 ; 	38 
#0901221;3/15/22; 	16 ;Junín;8; 	21 ; 	36 
#0901222;3/15/22; 	9 ;Mar del Plata;6; 	27 ; 	38 
#0901223;3/16/22; 	18 ;Mar del Plata;8; 	30 ; 	39 
#0901224;3/17/22; 	11 ;Junín;11; 	33 ; 	36 
#0901225;3/18/22; 	9 ;Junín;3; 	35 ; 	38 
#0901226;3/18/22; 	13 ;Mar del Plata;10; 	33 ; 	40 
#0901227;3/18/22; 	11 ;Junín;3; 	29 ; 	42 
#0901228;3/18/22; 	14 ;Olavarría;3; 	28 ; 	39 
#0901229;3/18/22; 	17 ;Mar del Plata;7; 	35 ; 	47 
#0901230;3/18/22; 	18 ;Mar del Plata;3; 	35 ; 	40 
#0901231;3/19/22; 	17 ;Mar del Plata;6; 	38 ; 	38 
#0901232;3/19/22; 	12 ;Junín;8; 	35 ; 	36 
#0901233;3/19/22; 	18 ;Mar del Plata;8; 	37 ; 	40 
#0901234;3/19/22; 	16 ;Junín;7; 	39 ; 	38 
#0901235;3/20/22; 	16 ;Mar del Plata;7; 	29 ; 	38 
#0901236;3/21/22; 	13 ;Tandil;10; 	24 ; 	45 
#0901237;3/22/22; 	11 ;Tandil;5; 	27 ; 	39 
#0901238;3/22/22; 	18 ;La Plata;3; 	33 ; 	42 
#0901239;3/22/22; 	9 ;Tandil;9; 	20 ; 	38 
#0901240;3/23/22; 	9 ;Mar del Plata;3; 	32 ; 	41 
#0901241;3/23/22; 	9 ;Mar del Plata;8; 	34 ; 	41 
#0901242;3/24/22; 	9 ;Mar del Plata;6; 	34 ; 	42 
#0901243;3/25/22; 	15 ;Olavarría;4; 	29 ; 	38 
#0901244;3/26/22; 	16 ;Mar del Plata;6; 	34 ; 	50 
#0901245;3/26/22; 	10 ;La Plata;5; 	31 ; 	44 
#0901246;3/27/22; 	18 ;Junín;5; 	24 ; 	41 
#0901247;3/27/22; 	14 ;Junín;3; 	23 ; 	43 
#0901248;3/27/22; 	18 ;Mar del Plata;5; 	35 ; 	40 
#0901249;3/27/22; 	17 ;Tandil;3; 	27 ; 	37 
#0901250;3/28/22; 	15 ;Tandil;4; 	32 ; 	37 
#0901251;3/29/22; 	17 ;Junín;; 	21 ; 	43 
#0901252;3/29/22; 	9 ;Mar del Plata;9; 	33 ; 	39 
#0901253;3/30/22; 	11 ;Tandil;7; 	38 ; 	41 
#0901254;3/30/22; 	13 ;Junín;12; 	-   ; 	40 
#0901255;3/30/22; 	14 ;Junín;9; 	28 ; 	38 
#0901256;3/30/22; 	16 ;Junín;4; 	27 ; 	44 
#0901257;3/30/22; 	18 ;Junín;8; 	30 ; 	43 
#0901258;3/30/22; 	17 ;Junín;8; 	34 ; 	39 
#0901259;3/31/22; 	17 ;Olavarría;5; 	39 ; 	48 
#0901260;3/31/22; 	14 ;La Plata;5; 	26 ; 	43 
#0901261;4/1/22; 	15 ;La Plata;8; 	36 ; 	45 
#0901262;4/1/22; 	12 ;MDQ;11; 	32 ; 	41 
#0901263;4/1/22; 	12 ;Junín;7; 	32 ; 	36 
#0901264;4/1/22; 	16 ;Mar del Plata;11; 	40 ; 	39 
#0901265;4/1/22; 	18 ;La Plata;8; 	30 ; 	48 
#0901266;4/2/22; 	12 ;La Plata;10; 	36 ; 	43 
#0901267;4/3/22; 	12 ;Mar del Plata;11; 	38 ; 	38 
#0901268;4/4/22; 	12 ;LA PLATA;12; 	22 ; 	36 
#0901269;4/4/22; 	18 ;Mar del Plata;8; 	37 ; 	38 
#0901270;4/4/22; 	17 ;Junín;4; 	30 ; 	37 
#0901271;4/4/22; 	9 ;La Plata;4; 	28 ; 	40 
#0901272;4/5/22; 	17 ;Tandil;3; 	39 ; 	48 
#0901273;4/5/22; 	9 ;Junín;7; 	29 ; 	38 
#0901274;4/5/22; 	17 ;Mar del Plata;11; 	32 ; 	42 
#0901275;4/6/22; 	18 ;La Plata;11; 	25 ; 	37 
#0901276;4/7/22; 	15 ;Junín;5; 	25 ; 	38 
#0901277;4/7/22; 	11 ;Mar del Plata;6; 	23 ; 	38 
#0901278;4/7/22; 	13 ;Mar del Plata;3; 	34 ; 	40 
#0901279;4/7/22; 	9 ;Mar del Plata;5; 	24 ; 	41 
#0901280;4/7/22; 	13 ;Tandil;12; 	36 ; 	36 
#0901281;4/7/22; 	16 ;Mar del Plata;5; 	38 ; 	39 
#0901282;4/7/22; 	14 ;Mar del Plata;4; 	39 ; 	36 
#0901283;4/7/22; 	17 ;Olavarría;80; 	30 ; 	37 
#0901284;4/7/22; 	15 ;Mar del Plata;6; 	22 ; 	43 
#0901285;4/7/22; 	10 ;Mar del Plata;12; 	25 ; 	39 
#0901286;4/7/22; 	13 ;La Plata;8; 	21 ; 	40 
#0901287;4/7/22; 	9 ;Junín;6; 	25 ; 	38 
#0901288;4/8/22; 	10 ;Mar del Plata;; 	39 ; 	49 
#0901289;4/8/22; 	18 ;Tandil;6; 	35 ; 	37 
#0901290;4/9/22; 	12 ;Tandil;6; 	31 ; 	38 
#0901291;4/10/22; 	18 ;Junín;9; 	37 ; 	39 
#0901292;4/10/22; 	12 ;Junin;7; 	28 ; 	42 
#0901293;4/11/22; 	16 ;La Plata;6; 	37 ; 	41 
#0901294;4/11/22; 	9 ;Junín;7; 	25 ; 	42 
#0901295;4/11/22; 	10 ;La Plata;5; 	40 ; 	44 
#0901296;4/11/22; 	13 ;La Plata;5; 	37 ; 	39 
#0901297;4/12/22; 	17 ;Mar del Plata;7; 	33 ; 	41 
#0901298;4/12/22; 	12 ;Mar del Plata;10; 	29 ; 	44 
#0901299;4/12/22; 	14 ;Mar del Plata;10; 	22 ; 	42 
#0901300;4/13/22; 	10 ;Tandil;3; 	22 ; 	42 
#0901301;4/13/22; 	9 ;Mar del Plata;9; 	20 ; 	40 
#0901302;4/13/22; 	12 ;La Plata;5; 	31 ; 	38 
#0901303;4/14/22; 	18 ;Tandil;10; 	35 ; 	37 
#0901304;4/14/22; 	18 ;Olavarría;12; 	32 ; 	36 
#0901305;4/14/22; 	15 ;La Plata;12; 	32 ; 	36 
#0901306;4/15/22; 	10 ;La Plata;12; 	20 ; 	37 
#0901307;4/16/22; 	16 ;TANDIL;10; 	2 ; 	46 
#0901308;4/16/22; 	12 ;Junín;3; 	-   ; 	42 
#0901309;4/16/22; 	17 ;Junín;7; 	35 ; 	38 
#0901310;4/17/22; 	12 ;Mardel Plata;3; 	20 ; 	39 
#0901311;4/18/22; 	10 ;Mar del Plata;12; 	30 ; 	45 
#0901312;4/18/22; 	11 ;La Plata;5; 	31 ; 	39 
#0901313;4/18/22; 	15 ;Tandil;3; 	36 ; 	38 
#0901314;4/18/22; 	12 ;Mar del Plata;5; 	22 ; 	43 
#0901315;4/19/22; 	9 ;Mar del Plata;3; 	21 ; 	39 
#0901316;4/20/22; 	17 ;Mar del Plata;11; 	27 ; 	37 
#0901317;4/20/22; 	17 ;Tandil;5; 	26 ; 	37 
#0901318;4/21/22; 	14 ;Mar del Plata;10; 	37 ; 	38 
#0901319;4/21/22; 	11 ;Junín;7; 	35 ; 	39 
#0901320;4/21/22; 	9 ;La Plata;8; 	26 ; 	42 
#0901321;4/21/22; 	15 ;MDQ;4; 	30 ; 	36 
#0901322;4/21/22; 	10 ;Tandil;3; 	30 ; 	42 
#0901323;4/21/22; 	10 ;La Plata;11; 	39 ; 	41 
#0901324;4/21/22; 	12 ;Tandil;6; 	35 ; 	41 
#0901325;4/21/22; 	10 ;Tandil;11; 	37 ; 	37 
#0901326;4/21/22; 	15 ;La Plata;5; 	26 ; 	45 
#0901327;4/22/22; 	16 ;Junín;3; 	30 ; 	46 
#0901328;4/22/22; 	12 ;Junín;7; 	35 ; 	38 
#0901329;4/22/22; 	18 ;Tandil;5; 	36 ; 	37 
#0901330;4/22/22; 	12 ;La Plata;12; 	28 ; 	40 
#0901331;4/22/22; 	12 ;Junín;11; 	25 ; 	43 
#0901332;4/22/22; 	18 ;Junín;9; 	27 ; 	38 
#0901333;4/22/22; 	11 ;Junín;9; 	26 ; 	38 
#0901334;4/23/22; 	16 ;Junín;6; 	22 ; 	39 
#0901335;4/24/22; 	9 ;Tandil;5; 	28 ; 	35 
#0901336;4/25/22; 	13 ;Mar del Plata;12; 	38 ; 	36 
#0901337;4/25/22; 	15 ;Junín;9; 	35 ; 	39 
#0901338;4/25/22; 	16 ;Mar del Plata;10; 	36 ; 	42 
#0901339;4/26/22; 	15 ;Mar del Plata;4; 	32 ; 	39 
#0901340;4/26/22; 	9 ;Mar del Plata;7; 	25 ; 	42 
#0901341;4/27/22; 	12 ;Mar del Plata;9; 	34 ; 	39 
#0901342;4/27/22; 	18 ;Tandil;12; 	23 ; 	36 
#0901343;4/28/22; 	15 ;Mar del Plata;5; 	28 ; 	38 
#0901344;4/29/22; 	15 ;Junín;7; 	32 ; 	37 
#0901345;4/29/22; 	14 ;Tandil;3; 	17 ; 	39 
#0901346;4/29/22; 	16 ;Mar del Plata;4; 	31 ; 	39 
#0901347;4/30/22; 	10 ;Mar del Plata;9; 	37 ; 	38 
#0901348;5/1/22; 	17 ;Mar del Plata;6; 	36 ; 	39 
#0901349;5/1/22; 	11 ;Junín;12; 	29 ;
#0901350;5/1/22; 	13 ;Tandil;8; 	37 ; 	38 
#0901351;5/1/22; 	13 ;La Plata;11; 	29 ; 	44 
#0901352;5/2/22; 	17 ;Junín;9; 	22 ; 	39 
#0901353;5/2/22; 	18 ;Tandil;4; 	24 ; 	38 
#0901354;5/2/22; 	15 ;Junín;9; 	22 ; 	53 
#0901355;5/2/22; 	9 ;Mar del Plata;7; 	34 ; 	40 
#0901356;5/3/22; 	12 ;La Plata;9; 	21 ; 	36 
#0901357;5/3/22; 	14 ;La Plata;9; 	38 ; 	42 
#0901358;5/4/22; 	11 ;Mar del Plata;3; 	37 ; 	37 
#0901359;5/5/22; 	9 ;Mar del Plata;8; 	29 ; 	36 
#0901360;5/6/22; 	9 ;Junín;6; 	34 ; 	37 
#0901361;5/7/22; 	11 ;Tandil;12; 	27 ; 	37 
#0901362;5/8/22; 	17 ;Junín;3; 	36 ; 	40 
#0901363;5/8/22; 	14 ;Mar del Plata;8; 	28 ; 	39 
#0901364;5/8/22; 	10 ;Mar del Plata;10; 	23 ; 	38 
#0901365;5/8/22; 	14 ;Junín;11; 	35 ; 	43 
#0901366;5/9/22; 	10 ;Mar del Plata;12; 	39 ; 	37 
#0901367;5/9/22; 	14 ;Junín;9; 	34 ; 	39 
#0901368;5/9/22; 	14 ;Junín;7; 	31 ; 	39 
#0901369;5/9/22; 	15 ;Mar del Plata;9; 	32 ; 	44 
#0901370;5/9/22; 	9 ;Mar del Plata;4; 	37 ; 	36 
#0901371;5/9/22; 	16 ;Olavarría;6; 	26 ; 	36 
#0901372;5/9/22; 	18 ;La Plata;8; 	34 ; 	36 
#0901373;5/10/22; 	9 ;La Plata;3; 	31 ; 	35 
#0901374;5/11/22; 	11 ;Junín;4; 	22 ; 	40 
#0901375;5/11/22; 	10 ;Mar del Plata;3; 	28 ; 	43 
#0901376;5/12/22; 	12 ;Mar del Plata;12; 	30 ; 	48 
#0901377;5/13/22; 	14 ;Mar del Plata;5; 	40 ; 	38 
#0901378;5/13/22; 	16 ;Junín;8; 	37 ; 	37 
#0901379;5/13/22; 	10 ;Junín;6; 	26 ; 	37 
#0901380;5/14/22; 	10 ;Tandil;7; 	32 ; 	37 
#0901381;5/15/22; 	9 ;La Plata;7; 	33 ; 	44 
#0901382;5/15/22; 	10 ;Tandil;4; 	27 ; 	38 
#0901383;5/15/22; 	9 ;Junín;11; 	37 ; 	40 
#0901384;5/15/22; 	12 ;Mar del Plata;11; 	28 ; 	36 
#0901385;5/16/22; 	17 ;Mar del Plata;7; 	1 ; 	39 
#0901386;5/16/22; 	16 ;Olavarria;10; 	32 ; 	43 
#0901387;5/16/22; 	17 ;La Plata;11; 	35 ; 	39 
#0901388;5/16/22; 	11 ;La Plata;7; 	22 ; 	38 
#0901389;5/17/22; 	15 ;Mar del Plata;6; 	21 ; 	41 
#0901390;5/17/22; 	13 ;Mar del Plata;12; 	2 ; 	38 
#0901391;5/18/22; 	11 ;Mar del Plata;6; 	24 ; 	51 
#0901392;5/18/22; 	17 ;Mar del Plata;7; 	1 ; 	38 
#0901393;5/19/22; 	15 ;Junín;5; 	23 ; 	37 
#0901394;5/19/22; 	15 ;La Plata;8; 	34 ; 	38 
#0901395;5/19/22; 	14 ;Mar del Plata;7; 	30 ; 	37 
#0901396;5/20/22; 	11 ;Mar del Plata;11; 	22 ; 	41 
#0901397;5/21/22; 	10 ;La Plata;12; 	25 ; 	41 
#0901398;5/21/22; 	12 ;Junín;7; 	37 ; 	39 
#0901399;5/21/22; 	10 ;Tandil;11; 	31 ; 	38 
#0901400;5/21/22; 	13 ;Mar del Plata;8; 	35 ; 	44 
#0901401;5/22/22; 	16 ;Tandil;3; 	20 ; 	38 
#0901402;5/22/22; 	10 ;Mar del Plata;6; 	22 ; 	39 
#0901403;5/22/22; 	11 ;Tandil;4; 	31 ; 	42 
#0901404;5/23/22; 	11 ;La Plata;7; 	35 ; 	39 
#0901405;5/24/22; 	10 ;Mar del Plata;12; 	32 ; 	40 
#0901406;5/25/22; 	18 ;Tandil;5; 	22 ; 	42 
#0901407;5/25/22; 	12 ;Mar del Plata;5; 	26 ; 	41 
#0901408;5/25/22; 	16 ;La Plata;11; 	29 ; 	41 
#0901409;5/25/22; 	17 ;Junín;5; 	24 ; 	41 
#0901410;5/26/22; 	17 ;Junín;12; 	34 ; 	46 
#0901411;5/26/22; 	16 ;Tandil;8; 	33 ; 	42 
#0901412;5/26/22; 	13 ;Mar del Plata;5; 	22 ; 	37 
#0901413;5/26/22; 	10 ;Mar del Plata;8; 	38 ; 	41 
#0901414;5/26/22; 	16 ;La Plata;4; 	31 ; 	38 
#0901415;5/26/22; 	15 ;Mar del Plata;9; 	32 ; 	39 
#0901416;5/27/22; 	14 ;MDQ;12; 	23 ; 	38 
#0901417;5/27/22; 	13 ;Tandil;4; 	39 ; 	36 
#0901418;5/27/22; 	10 ;La Plata;11; 	31 ; 	40 
#0901419;5/27/22; 	12 ;Tandil;11; 	36 ; 	39 
#0901420;5/27/22; 	16 ;Mar del Plata;10; 	27 ; 	39 
#0901421;5/28/22; 	15 ;Junín;5; 	27 ; 	37 
#0901422;5/28/22; 	9 ;La Plata;6; 	26 ; 	38 
#0901423;5/28/22; 	18 ;Junín;11; 	38 ; 	40 
#0901424;5/28/22; 	15 ;Mar del Plata;3; 	36 ; 	38 
#0901425;5/28/22; 	17 ;La Plata;3; 	36 ; 	38 
#0901426;5/29/22; 	15 ;Tandil;10; 	26 ; 	38 
#0901427;5/30/22; 	16 ;Tandil;12; 	23 ; 	36 
#0901428;5/30/22; 	13 ;Mardel;8; 	32 ; 	41 
#0901429;5/30/22; 	9 ;Tandil;9; 	34 ; 	35 
#0901430;5/31/22; 	11 ;Tandil;8; 	24 ; 	42 
#0901431;6/1/22; 	13 ;Olavarría;9; 	22 ; 	39 
#0901432;6/2/22; 	18 ;Junín;11; 	38 ; 	41 
#0901433;6/3/22; 	18 ;Junín;6; 	34 ; 	45 
#0901434;6/4/22; 	15 ;Olavarría;11; 	36 ; 	40 
#0901435;6/4/22; 	15 ;Mar del Plata;8; 	37 ; 	39 
#0901436;6/4/22; 	16 ;Mar del Plata;9; 	39 ; 	47 
#0901437;6/4/22; 	18 ;La Plata;3; 	34 ; 	42 
#0901438;6/4/22; 	11 ;Junín;9; 	22 ; 	37 
#0901439;6/4/22; 	14 ;Mar del Plata;9; 	32 ; 	36 
#0901440;6/4/22; 	17 ;Junín;7; 	33 ; 	46 
#0901441;6/4/22; 	10 ;Tandil;4; 	26 ; 	40 
#0901442;6/4/22; 	14 ;Tandil;11; 	30 ; 	47 
#0901443;6/5/22; 	15 ;Junín;3; 	31 ; 	39 
#0901444;6/5/22; 	17 ;Junín;12; 	34 ; 	39 
#0901445;6/6/22; 	11 ;Junín;6; 	29 ; 	39 
#0901446;6/6/22; 	10 ;Junín;7; 	28 ; 	40 
#0901447;6/7/22; 	11 ;Junín;7; 	39 ; 	45 
#0901448;6/7/22; 	11 ;Mar del Plata;7; 	28 ; 	37 
#0901449;6/8/22; 	16 ;La Plata;9; 	31 ; 	37 
#0901450;6/8/22; 	16 ;Tandill;3; 	24 ; 	37 
#0901451;6/8/22; 	9 ;Mar del Plata;12; 	25 ; 	42 
#0901452;6/8/22; 	13 ;Mar del Plata;11; 	25 ; 	38 
#0901453;6/9/22; 	11 ;Mar del Plata;9; 	40 ; 	40 
#0901454;6/9/22; 	18 ;La Plata;3; 	22 ; 	41 
#0901455;6/10/22; 	11 ;Junín;3; 	37 ; 	42 
#0901456;6/10/22; 	11 ;Tandil;10; 	8 ; 	40 
#0901457;6/10/22; 	11 ;La Plata;12; 	34 ; 	39 
#0901458;6/10/22; 	15 ;Junín;8; 	36 ; 	39 
#0901459;6/10/22; 	18 ;Mar del Plata;4; 	28 ; 	36 
#0901460;6/11/22; 	18 ;Mar del Plata;3; 	31 ; 	44 
#0901461;6/12/22; 	17 ;Mar del Plata;12; 	23 ; 	35 
#0901462;6/12/22; 	13 ;Tandil;11; 	28 ; 	40 
#0901463;6/13/22; 	15 ;Mar del Plata;3; 	31 ; 	49 
#0901464;6/14/22; 	12 ;Mar del Plata;3; 	30 ; 	45 
#0901465;6/15/22; 	15 ;Tandil;12; 	29 ; 	42 
#0901466;6/15/22; 	14 ;Junín;10; 	37 ; 	45 
#0901467;6/16/22; 	16 ;Junín;10; 	22 ; 	45 
#0901468;6/16/22; 	14 ;La Plata;3; 	35 ; 	40 
#0901469;6/16/22; 	17 ;Junín;5; 	38 ; 	40 
#0901470;6/17/22; 	14 ;Tandil;8; 	33 ; 	42 
#0901471;6/17/22; 	12 ;Junín;9; 	29 ; 	42 
#0901472;6/17/22; 	14 ;Junín;10; 	23 ; 	39 
#0901473;6/17/22; 	17 ;La Plata;4; 	21 ; 	39 
#0901474;6/18/22; 	9 ;Mar del Plata;10; 	36 ; 	5 
#0901475;6/19/22; 	9 ;Mar del Plata;8; 	40 ; 	43 
#0901476;6/20/22; 	9 ;Mar del Plata;9; 	39 ; 	433 
#0901477;6/20/22; 	11 ;La Plata;11; 	32 ; 	37 
#0901478;6/21/22; 	17 ;Mar del Plata;7; 	33 ; 	40 
#0901479;6/22/22; 	14 ;Tandil;3; 	23 ; 	42 
#0901480;6/22/22; 	15 ;Junín;8; 	29 ; 	41 
#0901481;6/22/22; 	17 ;Tandil;7; 	25 ; 	45 
#0901482;6/22/22; 	15 ;Mar del Plata;12; 	37 ; 	44 
#0901483;6/22/22; 	9 ;Mar del Plata;3; 	31 ; 	39 
#0901484;6/22/22; 	11 ;Junín;7; 	20 ; 	44 
#0901485;6/22/22; 	11 ;Junín;8; 	36 ; 	42 
#0901486;6/22/22; 	15 ;Mar del Plata;11; 	33 ; 	44 
#0901487;6/23/22; 	17 ;Mar del Plata;4; 	27 ; 	44 
#0901488;6/24/22; 	9 ;Mar del Plata;7; 	35 ; 	38 
#0901489;6/24/22; 	16 ;Mar del Plata;7; 	36 ; 	41 
#0901490;6/24/22; 	15 ;Junín;10; 	37 ; 	44 
#0901491;6/24/22; 	16 ;La Plata;6; 	25 ;
#0901492;6/24/22; 	18 ;Mar del Plata;3; 	27 ; 	42 
#0901493;6/24/22; 	12 ;Junín;7; 	24 ; 	36 
#0901494;6/24/22; 	15 ;Mar del Plata;6; 	28 ; 	38 
#0901495;6/24/22; 	13 ;Mar del Plata;7; 	35 ; 	36 
#0901496;6/25/22; 	11 ;Mar del Plata;5; 	36 ; 	37 
#0901497;6/25/22; 	16 ;Mar del Plata;3; 	25 ; 	42 
#0901498;6/25/22; 	9 ;Mar del Plata;8; 	31 ; 	39 
#0901499;6/25/22; 	15 ;Junín;6; 	31 ; 	37 
#0901500;6/25/22; 	11 ;Junín;12; 	33 ; 	38 
#0901501;6/26/22; 	15 ;Olavarría;6; 	28 ; 	40 
#0901502;6/26/22; 	13 ;Tandil;6; 	28 ; 	43 
#0901503;6/26/22; 	13 ;La Plata;10; 	25 ; 	39 
#0901504;6/26/22; 	17 ;Junín;10; 	37 ; 	38 
#0901505;6/27/22; 	17 ;Mar del Plata;7; 	37 ; 	40 
#0901506;6/27/22; 	9 ;La Plata;7; 	28 ; 	45 
#0901507;6/27/22; 	13 ;Tandil;5; 	22 ; 	43 
#0901508;6/28/22; 	9 ;Junín;4; 	26 ; 	46 
#0901509;6/28/22; 	14 ;Mar del Plata;3; 	33 ; 	46 
#0901510;6/29/22; 	13 ;Tandil;11; 	34 ; 	38 
#0901511;6/29/22; 	11 ;Tandil;9; 	28 ; 	45 
#0901512;6/30/22; 	9 ;Junín;6; 	39 ; 	43 
#0901513;6/30/22; 	12 ;Junín;10; 	33 ; 	40 
#0901514;6/30/22; 	12 ;Olavarría;12; 	25 ; 	36 
#0901515;6/30/22; 	10 ;Junín;5; 	36 ; 	40 
#0901516;6/30/22; 	13 ;Mar del Plata;11; 	30 ; 	38 
#0901517;7/1/22; 	11 ;Junín;10; 	31 ; 	37 
#0901518;7/2/22; 	12 ;Tandil;10; 	28 ; 	36 
#0901519;7/2/22; 	10 ;La Plata;4; 	39 ; 	39 
#0901520;7/3/22; 	10 ;Mar del Plata;8; 	24 ; 	39 
#0901521;7/3/22; 	15 ;Tandil;8; 	34 ; 	39 
#0901522;7/3/22; 	11 ;Mar del Plata;8; 	30 ; 	39 
#0901523;7/3/22; 	9 ;La Plata;10; 	25 ; 	39 
#0901524;7/3/22; 	14 ;Tandil;3; 	36 ; 	41 
#0901525;7/4/22; 	16 ;La Plata;10; 	1 ; 	41 
#0901526;7/5/22; 	15 ;Tandil;7; 	28 ; 	39 
#0901527;7/6/22; 	12 ;Mar del Plata;4; 	22 ; 	42 
#0901528;7/6/22; 	17 ;Junín;3; 	38 ; 	47 
#0901529;7/6/22; 	15 ;Olavarría;12; 	27 ; 	46 
#0901530;7/6/22; 	14 ;Tandil;10; 	36 ; 	38 
#0901531;7/6/22; 	11 ;Tandil;5; 	36 ; 	38 
#0901532;7/6/22; 	14 ;La Plata;7; 	26 ; 	43 
#0901533;7/6/22; 	10 ;Olavarría;9; 	22 ; 	45 
#0901534;7/7/22; 	12 ;La Plata;3; 	33 ; 	39 
#0901535;7/7/22; 	11 ;Mar del Plata;11; 	24 ; 	40 
#0901536;7/8/22; 	13 ;La Plata;6; 	32 ; 	49 
#0901537;7/9/22; 	17 ;La Plata;8; 	38 ; 	40 
#0901538;7/9/22; 	11 ;La Plata;8; 	21 ; 	37 
#0901539;7/9/22; 	17 ;Junín;5; 	36 ; 	40 
#0901540;7/9/22; 	14 ;Mar del Plata;11; 	29 ; 	37 
#0901541;7/9/22; 	16 ;Mar del Plata;11; 	37 ; 	40 
#0901542;7/10/22; 	18 ;Junín;12; 	24 ; 	43 
#0901543;7/10/22; 	18 ;Tandil;3; 	34 ; 	38 
#0901544;7/11/22; 	15 ;Junín;3; 	34 ; 	43 
#0901545;7/11/22; 	15 ;Mar del Plata;12; 	35 ; 	37 
#0901546;7/11/22; 	15 ;La Plata;11; 	27 ; 	39 
#0901547;7/11/22; 	10 ;Tandil;5; 	29 ; 	38 
#0901548;7/12/22; 	17 ;Mar del Plata;3; 	37 ; 	37 
#0901549;7/13/22; 	16 ;La Plata;10; 	29 ; 	43 
#0901550;7/14/22; 	11 ;Tandil;8; 	24 ; 	44 
#0901551;7/15/22; 	15 ;Mar del Plata;10; 	31 ; 	39 
#0901552;7/16/22; 	17 ;Mar del Plata;3; 	21 ; 	44 
#0901553;7/16/22; 	13 ;La Plata;8; 	27 ; 	37 
#0901554;7/16/22; 	17 ;Junín;6; 	37 ; 	42 
#0901555;7/16/22; 	9 ;La Plata;6; 	30 ; 	44 
#0901556;7/17/22; 	16 ;Junín;6; 	28 ; 	44 
#0901557;7/18/22; 	9 ;Mar del Plata;3; 	37 ; 	40 
#0901558;7/18/22; 	11 ;Junín;12; 	38 ; 	42 
#0901559;7/18/22; 	17 ;Tandil;3; 	36 ; 	43 
#0901560;7/18/22; 	15 ;Mar del Plata;11; 	35 ; 	42 
#0901561;7/18/22; 	16 ;La Plata;6; 	23 ; 	43 
#0901562;7/19/22; 	11 ;La Plata;10; 	34 ; 	45 
#0901563;7/19/22; 	10 ;La Plata;10; 	26 ; 	37 
#0901564;7/19/22; 	13 ;La Plata;12; 	39 ; 	49 
#0901565;7/19/22; 	15 ;Mar del Plata;8; 	34 ; 	40 
#0901566;7/19/22; 	9 ;Junín;10; 	31 ; 	41 
#0901567;7/19/22; 	10 ;Tandil;4; 	39 ; 	38 
#0901568;7/19/22; 	17 ;Junín;11; 	32 ; 	37 
#0901569;7/19/22; 	14 ;La Plata;9; 	31 ; 	39 
#0901570;7/20/22; 	11 ;La Plata;10; 	33 ; 	37 
#0901571;7/20/22; 	15 ;Tandil;10; 	31 ; 	41 
#0901572;7/20/22; 	9 ;Mar del Plata;5; 	25 ; 	40 
#0901573;7/21/22; 	11 ;La Plata;5; 	38 ; 	36 
#0901574;7/22/22; 	18 ;Mar del Plata;11; 	37 ; 	37 
#0901575;7/23/22; 	15 ;Mar del Plata;4; 	32 ; 	39 
#0901576;7/23/22; 	10 ;Junín;3; 	30 ; 	43 
#0901577;7/23/22; 	11 ;Junín;7; 	29 ; 	40 
#0901578;7/23/22; 	10 ;Tandil;12; 	35 ; 	40 
#0901579;7/23/22; 	9 ;Mar del Plata;9; 	30 ; 	38 
#0901580;7/23/22; 	13 ;Juní n;4; 	35 ; 	45 
#0901581;7/23/22; 	9 ;Junín;10; 	36 ; 	43 
#0901582;7/24/22; 	14 ;Tandil;8; 	27 ; 	36 
#0901583;7/24/22; 	18 ;Junín;10; 	30 ; 	35 
#0901584;7/24/22; 	9 ;Tandil;3; 	30 ; 	46 
#0901585;7/25/22; 	16 ;Mar del Plata;5; 	23 ; 	39 
#0901586;7/26/22; 	15 ;Junín;12; 	31 ; 	40 
#0901587;7/26/22; 	9 ;La Plata;10; 	32 ; 	35 
#0901588;7/26/22; 	9 ;Junín;6; 	28 ; 	38 
#0901589;7/26/22; 	10 ;Junín;3; 	28 ; 	40 
#0901590;7/26/22; 	16 ;La Plata;6; 	29 ; 	39 
#0901591;7/27/22; 	16 ;Olavarría;3; 	21 ; 	37 
#0901592;7/28/22; 	14 ;Junín;5; 	30 ; 	40 
#0901593;7/29/22; 	16 ;Mar del Plata;3; 	33 ; 	42 
#0901594;7/29/22; 	13 ;Mar del Plata;4; 	30 ; 	42 
#0901595;7/30/22; 	18 ;Junín;9; 	35 ; 	40 
#0901596;7/31/22; 	16 ;Mar del Plata;4; 	22 ; 	36 
#0901597;7/31/22; 	15 ;Junín;6; 	39 ; 	37 
#0901598;8/1/22; 	14 ;La Plata;4; 	32 ; 	39 
#0901599;8/1/22; 	15 ;Junín;8; 	25 ; 	42 
#0901600;8/1/22; 	18 ;Tandil;10; 	29 ; 	38 
#0901601;8/2/22; 	18 ;La Plata;4; 	27 ; 	39 
#0901602;8/3/22; 	13 ;Junín;9; 	27 ; 	45 
#0901603;8/3/22; 	10 ;Tandil;9; 	31 ; 	41 
#0901604;8/3/22; 	16 ;Mar del Plata;8; 	28 ;
#0901605;8/4/22; 	16 ;Tandil;7; 	34 ; 	43 
#0901606;8/4/22; 	17 ;Tandil;9; 	27 ; 	39 
#0901607;8/4/22; 	17 ;La Plata;4; 	31 ; 	40 
#0901608;8/5/22; 	16 ;Mar del Plata;9; 	21 ; 	40 
#0901609;8/5/22; 	18 ;Mar del Plata;12; 	20 ; 	39 
#0901610;8/5/22; 	11 ;La Plata;7; 	32 ; 	36 
#0901611;8/6/22; 	12 ;Tandil;6; 	27 ; 	42 
#0901612;8/6/22; 	15 ;La Plata;8; 	36 ; 	37 
#0901613;8/6/22; 	9 ;Mar del Plata;3; 	34 ; 	40 
#0901614;8/7/22; 	15 ;Mar del Plata;6; 	34 ; 	46 
#0901615;8/8/22; 	9 ;Junín;3; 	23 ; 	40 
#0901616;8/8/22; 	14 ;Mar del Plata;9; 	24 ; 	41 
#0901617;8/8/22; 	9 ;La Plata;8; 	21 ; 	44 
#0901618;8/8/22; 	14 ;Junín;12; 	32 ; 	38 
#0901619;8/9/22; 	9 ;Junín;8; 	25 ; 	46 
#0901620;8/9/22; 	10 ;Mar del Plata;6; 	34 ; 	44 
#0901621;8/10/22; 	11 ;Junín;11; 	37 ; 	41 
#0901622;8/10/22; 	12 ;Tandil;9; 	22 ; 	39 
#0901623;8/11/22; 	17 ;Mar del Plata;11; 	25 ; 	42 
#0901624;8/12/22; 	14 ;La Plata;3; 	29 ; 	37 
#0901625;8/12/22; 	11 ; Tandil;6; 	21 ; 	43 
#0901626;8/12/22; 	14 ;Mar del Plata;6; 	26 ; 	45 
#0901627;8/12/22; 	10 ;Mar del Plata;7; 	24 ; 	44 
#0901628;8/13/22; 	15 ;Tandil;7; 	27 ; 	43 
#0901629;8/13/22; 	11 ;Junín;3; 	29 ; 	37 
#0901630;8/14/22; 	15 ;Junín;6; 	23 ; 	39 
#0901631;8/14/22; 	12 ;Mar del Plata;8; 	38 ; 	43 
#0901632;8/14/22; 	10 ;Mar del Plata;6; 	40 ; 	38 
#0901633;8/14/22; 	15 ;Junín;6; 	28 ; 	48 
#0901634;8/14/22; 	9 ;Mar del Plata;4; 	23 ; 	38 
#0901635;8/15/22; 	17 ;Mar del Plata;3; 	36 ; 	45 
#0901636;8/16/22; 	16 ;Junín;9; 	37 ; 	40 
#0901637;8/17/22; 	14 ;Junín;7; 	39 ; 	42 
#0901638;8/17/22; 	15 ;Junín;6; 	32 ; 	40 
#0901639;8/18/22; 	11 ;Junín;7; 	24 ; 	36 
#0901640;8/18/22; 	16 ;La Plata;5; 	23 ; 	45 
#0901641;8/19/22; 	16 ;La Plata;12; 	22 ; 	37 
#0901642;8/20/22; 	18 ;Junín;10; 	32 ; 	40 
#0901643;8/21/22; 	14 ;Olavarría;10; 	33 ; 	45 
#0901644;8/21/22; 	14 ;La Plata;10; 	31 ; 	46 
#0901645;8/21/22; 	13 ;La Plata;10; 	34 ; 	41 
#0901646;8/22/22; 	16 ;Junín;5; 	31 ; 	40 
#0901647;8/22/22; 	12 ;Tandil;9; 	34 ; 	47 
#0901648;8/22/22; 	12 ;Junín;7; 	36 ; 	39 
#0901649;8/22/22; 	16 ;Mar del Plata;5; 	30 ; 	48 
#0901650;8/23/22; 	16 ;Mar del Plata;12; 	22 ; 	39 
#0901651;8/23/22; 	10 ;Tandil;5; 	23 ; 	38 
#0901652;8/24/22; 	18 ;Tandil;3; 	33 ; 	36 
#0901653;8/24/22; 	9 ;Mar del Plata;9; 	30 ; 	42 
#0901654;8/24/22; 	12 ;Tandil;10; 	38 ; 	41 
#0901655;8/24/22; 	14 ;Tandil;12; 	38 ; 	39 
#0901656;8/24/22; 	15 ;Mar del Plata;7; 	28 ; 	44 
#0901657;8/24/22; 	9 ;Mar del Plata;7; 	36 ; 	36 
#0901658;8/25/22; 	18 ;Mar del Plata;4; 	34 ; 	40 
#0901659;8/25/22; 	10 ;Olavarría;3; 	39 ; 	38 
#0901660;8/26/22; 	15 ;La Plata;10; 	21 ; 	41 
#0901661;8/26/22; 	14 ;Mar del Plata;5; 	28 ; 	40 
#0901662;8/26/22; 	12 ;La Plata;10; 	36 ; 	46 
#0901663;8/27/22; 	16 ;Tandil;9; 	34 ; 	35 
#0901664;8/28/22; 	9 ;Junín;7; 	33 ; 	37 
#0901665;8/29/22; 	17 ;Mar del Plata;10; 	25 ; 	44 
#0901666;8/29/22; 	12 ;La Plata;9; 	24 ; 	40 
#0901667;8/29/22; 	12 ;Junín;3; 	26 ; 	40 
#0901668;8/29/22; 	18 ;La Plata;11; 	20 ; 	36 
#0901669;8/30/22; 	9 ;La Plata;9; 	21 ; 	36 
#0901670;8/30/22; 	9 ;Tandil;9; 	28 ; 	37 
#0901671;8/30/22; 	13 ;Junín;8; 	27 ; 	38 
#0901672;8/31/22; 	11 ;Olavarría;9; 	23 ; 	38 
#0901673;9/1/22; 	13 ;Tandil;4; 	22 ; 	46 
#0901674;9/1/22; 	16 ;Mar del Plata;4; 	140 ; 	42 
#0901675;9/1/22; 	9 ;Olavarría;9; 	26 ; 	37 
#0901676;9/1/22; 	9 ;Mar del Plata;4; 	33 ; 	40 
#0901677;9/2/22; 	15 ;Junín;6; 	34 ; 	38 
#0901678;9/3/22; 	15 ;Mar del Plata;12; 	25 ; 	39 
#0901679;9/3/22; 	16 ;Mar del Plata;5; 	38 ; 	39 
#0901680;9/4/22; 	13 ;Junín;11; 	34 ; 	36 
#0901681;9/4/22; 	11 ;Tandil;5; 	39 ; 	35 
#0901682;9/4/22; 	15 ;Tandil;9; 	28 ; 	37 
#0901683;9/4/22; 	9 ;Mar del Plata;12; 	26 ; 	38 
#0901684;9/4/22; 	13 ;Olavarría;8; 	30 ; 	42 
#0901685;9/5/22; 	16 ;Tandil;4; 	31 ; 	44 
#0901686;9/5/22; 	12 ;Mar del Plata;8; 	25 ; 	37 
#0901687;9/5/22; 	12 ;Olavarría;7; 	34 ; 	42 
#0901688;9/5/22; 	12 ;Mar del Plata;8; 	28 ; 	44 
#0901689;9/5/22; 	11 ;Junín;11; 	27 ; 	42 
#0901690;9/5/22; 	13 ;La Plata;11; 	21 ; 	41 
#0901691;9/5/22; 	16 ;Olavarría;12; 	32 ; 	43 
#0901692;9/6/22; 	11 ;Tandil;6; 	36 ; 	38 
#0901693;9/7/22; 	11 ;Junín;8; 	28 ; 	45 
#0901694;9/7/22; 	14 ;Tandil;4; 	26 ; 	48 
#0901695;9/8/22; 	16 ;Mar del Plata;8; 	38 ; 	40 
#0901696;9/9/22; 	17 ;Mar del Plata;9; 	33 ; 	42 
#0901697;9/10/22; 	18 ;Mar del Plata;4; 	32 ; 	36 
#0901698;9/11/22; 	14 ;Tandil;9; 	37 ; 	43 
#0901699;9/12/22; 	18 ;Mar del Plata;5; 	36 ; 	36 
#0901700;9/12/22; 	15 ;Junín;3; 	22 ; 	40 
#0901701;9/12/22; 	15 ;Mar del Plata;12; 	28 ; 	36 
#0901702;9/12/22; 	12 ;Junín;8; 	33 ; 	39 
#0901703;9/13/22; 	13 ;Olavarría;5; 	31 ; 	36 
#0901704;9/13/22; 	13 ;Mar del Plata;12; 	30 ; 	40 
#0901705;9/14/22; 	16 ;Tandil;4; 	37 ; 	41 
#0901706;9/15/22; 	16 ;Junín;10; 	33 ; 	38 
#0901707;9/15/22; 	16 ;Junín;4; 	32 ; 	44 
#0901708;9/15/22; 	12 ;Mar del Plata;5; 	38 ; 	38 
#0901709;9/15/22; 	17 ;Mar del Plata;10; 	23 ; 	36 
#0901710;9/15/22; 	11 ;Mar del Plata;11; 	33 ; 	38 
#0901711;9/15/22; 	17 ;Olavarría;12; 	32 ; 	41 
#0901712;9/16/22; 	11 ;Tandil;8; 	25 ; 	39 
#0901713;9/17/22; 	16 ;Olavarría;4; 	35 ; 	37 
#0901714;9/18/22; 	18 ;Tandil;8; 	33 ; 	36 
#0901715;9/19/22; 	14 ;Junín;4; 	30 ; 	43 
#0901716;9/19/22; 	18 ;Junín;10; 	29 ; 	38 
#0901717;9/19/22; 	10 ;Olavarría;9; 	37 ; 	40 
#0901718;9/19/22; 	12 ;Tandil;12; 	27 ; 	38 
#0901719;9/19/22; 	14 ;Olavarría;9; 	31 ; 	42 
#0901720;9/20/22; 	14 ;La Plata;4; 	31 ; 	41 
#0901721;9/21/22; 	9 ;Tandil;7; 	36 ; 	40 
#0901722;9/21/22; 	16 ;Mar del Plata;9; 	33 ; 	43 
#0901723;9/22/22; 	14 ;Tandil;5; 	37 ; 	40 
#0901724;9/22/22; 	9 ;La Plata;7; 	35 ; 	41 
#0901725;9/22/22; 	15 ;Mar del Plata;8; 	31 ; 	40 
#0901726;9/22/22; 	13 ;Tandil;5; 	29 ; 	41 
#0901727;9/23/22; 	9 ;Junín;10; 	31 ; 	36 
#0901728;9/23/22; 	18 ;Tandil;7; 	28 ; 	41 
#0901729;9/23/22; 	15 ;Tandil;3; 	30 ; 	38 
#0901730;9/23/22; 	12 ;Mar del Plata;5; 	28 ; 	41 
#0901731;9/24/22; 	15 ;Tandil;11; 	23 ; 	46 
#0901732;9/24/22; 	12 ;Tandil;11; 	28 ; 	40 
#0901733;9/24/22; 	10 ;Mar del Plata;5; 	24 ; 	38 
#0901734;9/24/22; 	14 ;Mar del Plata;12; 	31 ; 	40 
#0901735;9/25/22; 	13 ;Tandil;8; 	29 ; 	40 
#0901736;9/26/22; 	14 ;Junín;12; 	33 ; 	36 
#0901737;9/27/22; 	17 ;Olavarría;6; 	26 ; 	41 
#0901738;9/27/22; 	12 ;Mar del Plata;3; 	22 ; 	38 
#0901739;9/27/22; 	10 ;Junín;10; 	29 ; 	39 
#0901740;9/27/22; 	9 ;Mar del Plata;10; 	25 ; 	38 
#0901741;9/28/22; 	14 ;Tandil;4; 	34 ; 	43 
#0901742;9/28/22; 	11 ;Junín;8; 	27 ; 	40 
#0901743;9/28/22; 	17 ;Tandil;12; 	24 ; 	43 
#0901744;9/29/22; 	12 ;Tandil;8; 	33 ; 	37 
#0901745;9/29/22; 	15 ;La Plata;12; 	23 ; 	38 
#0901746;9/29/22; 	17 ;Mar del Plata;12; 	30 ; 	41 
#0901747;9/29/22; 	10 ;La Plata;3; 	36 ; 	46 
#0901748;9/29/22; 	17 ;Mar del Plata;10; 	22 ; 	37 
#0901749;9/30/22; 	15 ;Junín;11; 	27 ; 	40 
#0901750;10/1/22; 	12 ;Junín;3; 	29 ; 	39 
#0901751;10/2/22; 	14 ;Tandil;7; 	28 ; 	42 
#0901752;10/3/22; 	16 ;La Plata;10; 	29 ; 	37 
#0901753;10/3/22; 	12 ;Mar del Plata;10; 	25 ; 	39 
#0901754;10/4/22; 	14 ;La Plata;12; 	32 ; 	38 
#0901755;10/4/22; 	12 ;Mar del Plata;4; 	39 ; 	39 
#0901756;10/5/22; 	16 ;Junín;9; 	32 ; 	43 
#0901757;10/5/22; 	14 ;Tandil;4; 	38 ; 	39 
#0901758;10/6/22; 	10 ;Mar del Plata;10; 	23 ; 	38 
#0901759;10/6/22; 	12 ;Mar del Plata;9; 	22 ; 	47 
#0901760;10/6/22; 	15 ;La Plata;4; 	30 ; 	38 
#0901761;10/6/22; 	11 ;La Plata;9; 	32 ; 	41 
#0901762;10/6/22; 	18 ;Mar del Plata;10; 	40 ; 	40 
#0901763;10/6/22; 	11 ;Junín;4; 	36 ; 	41 
#0901764;10/6/22; 	13 ;Tandil;8; 	35 ; 	38 
#0901765;10/7/22; 	12 ;Mar del Plata;11; 	24 ; 	40 
#0901766;10/7/22; 	12 ;Junín;10; 	34 ; 	36 
#0901767;10/8/22; 	13 ;Mar del Plata;11; 	35 ; 	36 
#0901768;10/9/22; 	11 ;Olavarría;11; 	26 ; 	39 
#0901769;10/9/22; 	10 ;Mar del Plata;12; 	37 ; 	36 
#0901770;10/9/22; 	11 ;Junín;3; 	32 ; 	36 
#0901771;10/9/22; 	15 ;Mar del Plata;12; 	30 ; 	40 
#0901772;10/9/22; 	18 ;La Plata;5; 	26 ; 	46 
#0901773;10/10/22; 	14 ;La Plata;5; 	34 ; 	41 
#0901774;10/10/22; 	10 ;Mar del Plata;11; 	26 ; 	40 
#0901775;10/10/22; 	14 ;La Plata;5; 	34 ; 	39 
#0901776;10/11/22; 	13 ;Mar del Plata;7; 	33 ; 	44 
#0901777;10/12/22; 	17 ;Mar del Plata;10; 	24 ; 	40 
#0901778;10/12/22; 	18 ;Mar del Plata;10; 	24 ; 	38 
#0901779;10/12/22; 	9 ;Tandil;10; 	26 ; 	42 
#0901780;10/13/22; 	10 ;Mar del Plata;12; 	21 ; 	43 
#0901781;10/14/22; 	12 ;Junín;8; 	30 ; 	40 
#0901782;10/14/22; 	10 ;Junín;8; 	25 ; 	41 
#0901783;10/15/22; 	11 ;La Plata;4; 	29 ; 	38 
#0901784;10/16/22; 	17 ;Junín;4; 	39 ; 	40 
#0901785;10/16/22; 	16 ;Mar del Plata;11; 	34 ; 	37 
#0901786;10/16/22; 	14 ;Mar del Plata;11; 	33 ; 	44 
#0901787;10/17/22; 	16 ;Mar del Plata;5; 	30 ; 	40 
#0901788;10/17/22; 	11 ;Mar del Plata;8; 	29 ; 	43 
#0901789;10/17/22; 	10 ;Mar del Plata;11; 	37 ; 	37 
#0901790;10/18/22; 	12 ;Tandil;4; 	31 ; 	44 
#0901791;10/18/22; 	11 ;Tandil;4; 	26 ; 	37 
#0901792;10/19/22; 	17 ;La Plata;10; 	26 ; 	37 
#0901793;10/19/22; 	15 ;Junín;11; 	39 ; 	38 
#0901794;10/19/22; 	10 ;Mar del Plata;9; 	30 ; 	36 
#0901795;10/19/22; 	16 ;Junín;12; 	20 ; 	370 
#0901796;10/19/22; 	14 ;Mar del Plata;8; 	7 ; 	39 
#0901797;10/19/22; 	14 ;Mar del Plata;10; 	37 ; 	40 
#0901798;10/20/22; 	13 ;La Plata;3; 	26 ; 	35 
#0901799;10/20/22; 	11 ;Mar del Plata;7; 	29 ; 	41 
#0901800;10/20/22; 	9 ;Mar del Plata;7; 	36 ; 	40 
#0901801;10/20/22; 	16 ;Mar del Plata;3; 	26 ; 	42 
#0901802;10/21/22; 	11 ;Tandil;9; 	31 ; 	42 
#0901803;10/21/22; 	17 ;Mar del Plata;3; 	28 ; 	37 
#0901804;10/21/22; 	13 ;Mar del Plata;5; 	38 ; 	43 
#0901805;10/21/22; 	17 ;Mar del Plata;12; 	33 ; 	39 
#0901806;10/22/22; 	12 ;Mar del Plata;5; 	37 ; 	42 
#0901807;10/22/22; 	13 ;Junín;6; 	28 ; 	41 
#0901808;10/22/22; 	13 ;Junín;6; 	30 ; 	37 
#0901809;10/22/22; 	16 ;Mar del Plata;9; 	31 ; 	37 
#0901810;10/22/22; 	16 ;Mar del Plata;10; 	22 ; 	36 
#0901811;10/22/22; 	10 ;Mar del Plata;3; 	33 ; 	38 
#0901812;10/23/22; 	18 ;Junín;5; 	33 ; 	38 
#0901813;10/24/22; 	11 ;Olavarría;3; 	25 ; 	38 
#0901814;10/25/22; 	13 ;Mar del Plata;5; 	36 ; 	37 
#0901815;10/26/22; 	17 ;Olavarría;4; 	31 ; 	37 
#0901816;10/26/22; 	10 ;Olavarría;9; 	30 ; 	37 
#0901817;10/27/22; 	14 ;Mar del Plata;6; 	37 ; 	39 
#0901818;10/28/22; 	14 ;Junín;6; 	25 ; 	40 
#0901819;10/28/22; 	12 ;Mar del Plata;11; 	33 ; 	45 
#0901820;10/28/22; 	13 ;Mar del Plata;12; 	35 ; 	37 
#0901821;10/28/22; 	10 ;Junín;6; 	27 ; 	39 
#0901822;10/29/22; 	11 ;Tandil;9; 	20 ; 	43 
#0901823;10/29/22; 	18 ;Olavarría;3; 	33 ; 	47 
#0901824;10/30/22; 	11 ;Tandil;6; 	21 ; 	36 
#0901825;10/30/22; 	13 ;Mar del Plata;3; 	30 ; 	39 
#0901826;10/31/22; 	18 ;La Plata;9; 	35 ; 	37 
#0901827;10/31/22; 	11 ;Mar del Plata;6; 	26 ; 	41 
#0901828;10/31/22; 	18 ;LaPlata;11; 	33 ; 	39 
#0901829;11/1/22; 	9 ;Mar del Plata;7; 	29 ; 	42 
#0901830;11/1/22; 	16 ;Tandil;12; 	30 ; 	41 
#0901831;11/1/22; 	16 ;La Plata;10; 	23 ; 	38 
#0901832;11/1/22; 	18 ;Mar del Plata;7; 	32 ; 	38 
#0901833;11/1/22; 	13 ;Junín;4; 	20 ; 	36 
#0901834;11/1/22; 	12 ;Mar del Plata;11; 	32 ; 	40 
#0901835;11/1/22; 	18 ;Mar del Plata;9; 	27 ; 	38 
#0901836;11/1/22; 	17 ;Junín;12; 	37 ; 	44 
#0901837;11/2/22; 	11 ;Junín;9; 	24 ; 	40 
#0901838;11/2/22; 	17 ;Mar del Plata;10; 	33 ; 	41 
#0901839;11/2/22; 	11 ;Mar del Plata;10; 	34 ; 	41 
#0901840;11/3/22; 	13 ;Mar del Plata;8; 	35 ; 	36 
#0901841;11/3/22; 	11 ;Junín;6; 	37 ; 	38 
#0901842;11/3/22; 	11 ;Olavarría;6; 	32 ; 	38 
#0901843;11/4/22; 	17 ;Junín;3; 	39 ; 	40 
#0901844;11/4/22; 	14 ;Junín;11; 	25 ; 	38 
#0901845;11/4/22; 	11 ;Mar del Plata;6; 	25 ; 	42 
#0901846;11/4/22; 	11 ;Tandil;9; 	34 ; 	40 
#0901847;11/5/22; 	9 ;La Plata;11; 	30 ; 	40 
#0901848;11/5/22; 	15 ;Mar del Plata;11; 	25 ; 	41 
#0901849;11/6/22; 	16 ;Mar del Plata;3; 	35 ; 	42 
#0901850;11/6/22; 	9 ;Mar del Plata;8; 	37 ; 	38 
#0901851;11/7/22; 	16 ;Junín;4; 	31 ; 	36 
#0901852;11/7/22; 	16 ;Tandil;9; 	33 ; 	43 
#0901853;11/8/22; 	9 ;Mar del Plata;6; 	29 ; 	39 
#0901854;11/9/22; 	14 ;Mar del Plata;7; 	33 ; 	43 
#0901855;11/9/22; 	18 ;Tandil;4; 	27 ; 	37 
#0901856;11/10/22; 	13 ;Olavarría;8; 	39 ; 	41 
#0901857;11/10/22; 	15 ;Junín;11; 	32 ; 	40 
#0901858;11/10/22; 	10 ;Junín;11; 	33 ; 	37 
#0901859;11/10/22; 	13 ;Mar del Plata;10; 	36 ; 	37 
#0901860;11/11/22; 	11 ;Mar del Plata;7; 	30 ; 	36 
#0901861;11/11/22; 	10 ;Mar del Plata;12; 	31 ; 	42 
#0901862;11/12/22; 	12 ;Tandil;11; 	37 ; 	41 
#0901863;11/13/22; 	16 ;Tandil;5; 	23 ; 	43 
#0901864;11/13/22; 	18 ;Mar del Plata;11; 	29 ; 	37 
#0901865;11/13/22; 	14 ;Junín;9; 	23 ; 	48 
#0901866;11/14/22; 	16 ;Mar del Plata;8; 	32 ; 	39 
#0901867;11/14/22; 	17 ;Junín;11; 	24 ; 	37 
#0901868;11/14/22; 	18 ;Junín;11; 	23 ; 	42 
#0901869;11/14/22; 	15 ;Olavarría;12; 	33 ; 	37 
#0901870;11/14/22; 	16 ;Olavarría;6; 	34 ; 	45 
#0901871;11/15/22; 	15 ;Mar del Plata;4; 	28 ; 	41 
#0901872;11/16/22; 	18 ;Junín;11; 	26 ; 	41 
#0901873;11/16/22; 	11 ;Tandil;9; 	22 ; 	37 
#0901874;11/17/22; 	9 ;Tandil;4; 	23 ; 	39 
#0901875;11/18/22; 	15 ;Junín;3; 	26 ; 	42 
#0901876;11/18/22; 	17 ;Tandil;6; 	34 ; 	38 
#0901877;11/18/22; 	13 ;Mar del Plata;9; 	29 ; 	41 
#0901878;11/18/22; 	17 ;Junín;12; 	27 ; 	37 
#0901879;11/18/22; 	11 ;Mar del Plata;12; 	33 ; 	40 
#0901880;11/18/22; 	12 ;La Plata;9; 	27 ; 	37 
#0901881;11/19/22; 	12 ;Tandil;4; 	-   ; 	44 
#0901882;11/19/22; 	18 ;Tandil;9; 	34 ; 	38 
#0901883;11/19/22; 	14 ;Junín;4; 	28 ; 	40 
#0901884;11/20/22; 	10 ;Mar del Plata;12; 	30 ; 	36 
#0901885;11/20/22; 	9 ;La Plata;9; 	20 ; 	37 
#0901886;11/20/22; 	12 ;Tandil;7; 	38 ; 	47 
#0901887;11/21/22; 	12 ;Tandil;7; 	29 ; 	40 
#0901888;11/21/22; 	9 ;Mar del Plata;12; 	23 ; 	41 
#0901889;11/21/22; 	10 ;La Plata;7; 	36 ; 	47 
#0901890;11/22/22; 	9 ;La Plata;5; 	37 ; 	41 
#0901891;11/22/22; 	14 ;Tandil;10; 	22 ; 	39 
#0901892;11/23/22; 	16 ;Mar del Plata;9; 	35 ; 	41 
#0901893;11/23/22; 	15 ;Junín;3; 	22 ; 	38 
#0901894;11/23/22; 	9 ;Mar del Plata;5; 	34 ; 	36 
#0901895;11/23/22; 	18 ;Tandil;10; 	28 ; 	38 
#0901896;11/24/22; 	17 ;Tandil;9; 	20 ; 	40 
#0901897;11/24/22; 	9 ;Mar del Plata;12; 	31 ; 	46 
#0901898;11/24/22; 	10 ;La Plata;12; 	38 ; 	38 
#0901899;11/24/22; 	18 ;Tandil;4; 	2 ; 	39 
#0901900;11/24/22; 	16 ;Olavarría;6; 	22 ; 	37 
#0901901;11/24/22; 	14 ;Tandil;5; 	29 ; 	42 
#0901902;11/24/22; 	15 ;Tandil;8; 	29 ; 	41 
#0901903;11/24/22; 	10 ;Junín;3; 	35 ; 	39 
#0901904;11/24/22; 	10 ;Mar del Plata;11; 	38 ; 	44 
#0901905;11/24/22; 	16 ;Mar del Plata;12; 	38 ; 	42 
#0901906;11/24/22; 	16 ;La Plata;9; 	26 ; 	36 
#0901907;11/24/22; 	10 ;Olavarría;7; 	40 ; 	37 
#0901908;11/25/22; 	11 ;Tandil;8; 	30 ; 	38 
#0901909;11/25/22; 	17 ;Mar del Plata;7; 	26 ; 	42 
#0901910;11/26/22; 	15 ;Mar del Plata;11; 	34 ; 	44 
#0901911;11/26/22; 	9 ;Mar del Plata;7; 	23 ; 	49 
#0901912;11/26/22; 	17 ;Junín;7; 	32 ; 	37 
#0901913;11/26/22; 	13 ;Mar del Plata;4; 	22 ; 	36 
#0901914;11/26/22; 	13 ;Mar del Plata;5; 	31 ; 	40 
#0901915;11/26/22; 	17 ;Junín;11; 	23 ; 	36 
#0901916;11/26/22; 	14 ;Mar del Plata;7; 	20 ; 	38 
#0901917;11/27/22; 	13 ;Junín;3; 	20 ; 	37 
#0901918;11/27/22; 	12 ;Junín;6; 	20 ; 	38 
#0901919;11/27/22; 	18 ;Mar del Plata;4; 	32 ; 	42 
#0901920;11/28/22; 	17 ;Junín;9; 	28 ; 	42 
#0901921;11/28/22; 	16 ;Tandil;5; 	31 ; 	42 
#0901922;11/28/22; 	17 ;La Plata;11; 	35 ; 	40 
#0901923;11/29/22; 	9 ;Mar del Plata;10;; 	43 
#0901924;11/30/22; 	11 ;Mar del Plata;10; 	31 ; 	44 
#0901925;11/30/22; 	11 ;Mar del Plata;7; 	27 ; 	39 
#0901926;11/30/22; 	9 ;Tandil;7; 	27 ; 	38 
#0901927;12/1/22; 	17 ;Mar del Plata;8; 	24 ; 	37 
#0901928;12/2/22; 	13 ;Junín;8; 	28 ; 	38 
#0901929;12/2/22; 	9 ;Mar del Plata;12; 	25 ; 	40 
#0901930;12/3/22; 	14 ;Tandil;6; 	28 ; 	39 
#0901931;12/3/22; 	18 ;Tandil;4; 	28 ; 	39 
#0901932;12/4/22; 	12 ;Tandil;12; 	23 ; 	39 
#0901933;12/5/22; 	14 ;Mar del Plata;12; 	25 ; 	37 
#0901934;12/6/22; 	13 ;La Plata;5; 	38 ; 	38 
#0901935;12/7/22; 	15 ;Tandil;11; 	33 ; 	38 
#0901936;12/7/22; 	11 ;Mar del Plata;11; 	27 ; 	51 
#0901937;12/8/22; 	16 ;La Plata;12; 	32 ; 	44 
#0901938;12/8/22; 	15 ;Junín;4; 	25 ; 	40 
#0901939;12/8/22; 	13 ;Tandil;12; 	22 ; 	36 
#0901940;12/8/22; 	16 ;Mar del Plata;4; 	24 ; 	45 
#0901941;12/8/22; 	9 ;Mar del Plata;12; 	36 ; 	39 
#0901942;12/8/22; 	17 ;Junín;3; 	37 ; 	36 
#0901943;12/8/22; 	9 ;Junín;9; 	28 ; 	38 
#0901944;12/8/22; 	12 ;Junín;3; 	29 ; 	42 
#0901945;12/9/22; 	13 ;Mar del Plata;4; 	20 ; 	39 
#0901946;12/9/22; 	9 ;Mar del Plata;9; 	38 ; 	39 
#0901947;12/9/22; 	18 ;Mar del Plata;3; 	26 ; 	39 
#0901948;12/9/22; 	10 ;Tandil;10; 	35 ; 	36 
#0901949;12/9/22; 	13 ;Mar del Plata;10; 	32 ; 	43 
#0901950;12/9/22; 	12 ;Junín;4; 	35 ; 	42 
#0901951;12/9/22; 	12 ;Junín;5; 	30 ; 	42 
#0901952;12/9/22; 	15 ;Mar del Plata;4; 	39 ; 	44 
#0901953;12/9/22; 	15 ;Mar del Plata;11; 	36 ; 	41 
#0901954;12/10/22; 	10 ;La Plata;4; 	26 ; 	50 
#0901955;12/11/22; 	13 ;Mar del Plata;4; 	31 ; 	37 
#0901956;12/11/22; 	16 ;Tandil;9; 	36 ; 	47 
#0901957;12/11/22; 	12 ;Mar del Plata;10; 	36 ; 	39 
#0901958;12/11/22; 	16 ;Junín;6; 	40 ; 	45 
#0901959;12/11/22; 	16 ;Tandil;12; 	38 ; 	37 
#0901960;12/11/22; 	17 ;Mar del Plata;7; 	31 ; 	40 
#0901961;12/12/22; 	13 ;Tandil;6; 	35 ; 	40 
#0901962;12/12/22; 	15 ;Junín;3; 	28 ; 	40 
#0901963;12/13/22; 	16 ;Mar del Plata;12; 	33 ; 	41 
#0901964;12/14/22; 	11 ;Mar del Plata;12; 	26 ; 	36 
#0901965;12/14/22; 	11 ;Mar del Plata;5; 	33 ; 	37 
#0901966;12/15/22; 	18 ;Mar del Plata;5; 	25 ; 	36 
#0901967;12/15/22; 	9 ;Tandil;5; 	31 ; 	37 
#0901968;12/16/22; 	15 ;Junín;6; 	33 ; 	44 
#0901969;12/16/22; 	12 ;Junín;4; 	20 ; 	39 
#0901970;12/17/22; 	11 ;Tandil;11; 	37 ; 	38 
#0901971;12/18/22; 	18 ;La Plata;4; 	24 ; 	41 
#0901972;12/18/22; 	11 ;Mar del Plata;9; 	24 ; 	43 
#0901973;12/19/22; 	16 ;Mar del Plata;7; 	33 ; 	38 
#0901974;12/20/22; 	9 ;Junín;8; 	30 ; 	42 
#0901975;12/21/22; 	17 ;Mar del Plata;8; 	32 ; 	39 
#0901976;12/21/22; 	9 ;Mar delPlata;4; 	26 ; 	41 
#0901977;12/22/22; 	12 ;Mar del Plata;10; 	28 ; 	41 
#0901978;12/22/22; 	11 ;Mar del Plata;10; 	35 ; 	44 
#0901979;12/22/22; 	16 ;La Plata;3; 	22 ; 	43 
#0901980;12/22/22; 	18 ;La Plata;12; 	28 ; 	37 
#0901981;12/22/22; 	15 ;Tandil;10; 	32 ; 	36 
#0901982;12/22/22; 	9 ;Mar del Plata;3; 	31 ; 	40 
#0901983;12/22/22; 	10 ;Tandil;6; 	31 ; 	45 
#0901984;12/22/22; 	14 ;Mar del Plata;11; 	36 ; 	36 
#0901985;12/22/22; 	13 ;Mar del Plata;9; 	30 ; 	39 
#0901986;12/22/22; 	14 ;Tandil;3; 	34 ; 	40 
#0901987;12/22/22; 	11 ;Tandil;4; 	28 ; 	36 
#0901988;12/22/22; 	15 ;La Plata;4; 	31 ; 	37 
#0901989;12/22/22; 	10 ;Mar del Plata;6; 	40 ; 	36 
#0901990;12/23/22; 	13 ;Tandil;11; 	36 ; 	40 
#0901991;12/24/22; 	9 ;Junín;11; 	35 ; 	39 
#0901992;12/25/22; 	13 ;Mar del Plata;8; 	27 ; 	40 
#0901993;12/26/22; 	17 ;Junín;5; 	25 ; 	53 
#0901994;12/26/22; 	13 ;Mar del Plata;7; 	34 ; 	45 
#0901995;12/27/22; 	10 ;Tandil;12; 	30 ; 	39 
#0901996;12/27/22; 	9 ;Mar del Plata;10; 	29 ; 	42 
#0901997;12/27/22; 	15 ;Mar del Plata;5; 	35 ; 	37 
#0901998;12/27/22; 	9 ;La Plata;8; 	32 ; 	42 
#0901999;12/27/22; 	9 ;Mar del Plata;11; 	31 ; 	47 
#0902000;12/28/22; 	13 ;Tandil;6; 	22 ; 	500 
#0902001;12/29/22; 	9 ;Mar del Plata;7; 	25 ; 	36 
#0902002;12/30/22; 	13 ;Mar del Plata;3; 	34 ; 	40 